id,created_at,updated_at,user,title,category,status,latest_message,program,latest_resolve_request,assignee,referred_by
0174cdca-d66f-4706-80f2-2beb0364576e,2025-06-19 08:47:32.686403+00,2025-06-19 08:47:32.686403,b917ee43-265c-4cbd-b512-e551efc978a6,"Payment ",Accommodation,Resolved,f2635660-9918-4ea6-8763-d070040c6475,df47eb64-dc84-4ec1-a8ec-5798af7e64bf,,,
0286a8b0-6384-4553-8eeb-ef4d764e80c8,2025-06-06 15:47:33.444375+00,2025-06-06 15:47:33.444375,71091acc-f3da-4843-bc4b-5f1d6ace9f15,onboarding session,General,Resolved,1d32fd0e-64cc-4830-92d0-0f611a913d83,df47eb64-dc84-4ec1-a8ec-5798af7e64bf,,,
0356dbe9-1461-425b-98e6-6a2df609cfb5,2025-08-04 15:58:36.383615+00,2025-08-04 15:58:36.383615,04a233ea-c613-442b-b078-d2c8979cecfc,"Resource ",Academic,Resolved,e83af10d-5d81-409c-9163-770d8b7450e8,0be2ea45-b9be-4fec-bf38-4fbe5de5112c,,,
03746d9f-2079-4124-836e-6f07597256f8,2025-08-23 04:23:06.04052+00,2025-08-23 04:23:06.04052,9d0d5845-9e5c-4e63-834e-e71d44361ffe,inquiry application,General,Resolved,51fdf188-f72b-40e9-ba03-1805aa26c3ff,0be2ea45-b9be-4fec-bf38-4fbe5de5112c,,,
04a77d35-5d3c-4567-9606-a2f7735d43cd,2025-08-05 14:32:30.985066+00,2025-08-05 14:32:30.985066,fc369258-14b3-49c0-9506-733a7bc16e23,Student Accounts Invoice,Financial,Resolved,ff6f0039-1112-4f1d-995c-d100dac3142b,df47eb64-dc84-4ec1-a8ec-5798af7e64bf,,,
062715b2-5edf-451e-82d2-35b62b22b52a,2025-05-24 21:48:48.476558+00,2025-05-24 21:48:48.476558,04a233ea-c613-442b-b078-d2c8979cecfc,The fear of exclusion as a first year,Academic,Resolved,d7ffdd41-0926-46d3-b70e-50dbc791ecef,0be2ea45-b9be-4fec-bf38-4fbe5de5112c,,,
098101db-e3bb-48e6-b32a-d20b94e5e867,2025-06-20 10:34:22.303586+00,2025-06-20 10:34:22.303586,137d7f93-688e-44b3-98c0-86ddd6c844ac,"asking for proof that I enrolled in thulolwazi program. khanyisa Nkuna 25110463 ",General,Pending Resolve,110a3d4c-d66c-4503-a226-1a3c9bc95e36,0be2ea45-b9be-4fec-bf38-4fbe5de5112c,,,
0b470cf4-7f94-450a-83e8-ef0e48c6e5da,2025-06-03 10:41:33.560008+00,2025-06-03 10:41:33.560008,825bcfb5-574c-4782-bfb1-8f0b7faeec25,"step in ",General,Resolved,e7b4525a-6b89-4cd3-94e2-5f31327e900c,df47eb64-dc84-4ec1-a8ec-5798af7e64bf,,,
0d046ab0-ad61-4850-bd80-9558e3cfbf5b,2025-07-20 13:27:57.009335+00,2025-07-20 13:27:57.009335,7615eba0-4874-4cdf-ad0f-f42683eeee4c,"exclusion appeal not approved ",Academic,Pending Resolve,94ee613a-6f6f-4e6a-9477-efaa15e95def,0be2ea45-b9be-4fec-bf38-4fbe5de5112c,,,
10658b9d-0e36-4ad8-b0df-eabb313b6d81,2025-06-06 13:50:39.234304+00,2025-06-06 13:50:39.234304,98ff495e-d0c9-4ed0-961c-d70e5c060bf7,Allowances,Financial,Resolved,b2ac68ed-0f49-41b1-9ecf-43e4d7aa09bb,ff0b9749-0755-471c-b75a-e9b7da88c49f,,,
1782cdb3-c2ce-40a9-bbcf-b45321aa6f16,2025-05-23 15:33:48.920784+00,2025-05-23 15:33:48.920784,f02252f9-ca84-4d7b-9f38-af7a04b0a0b0,Tutoring : FAC1601,Academic,In Progress,6e68679b-14da-4bd8-9aed-e4ba145205fb,ff0b9749-0755-471c-b75a-e9b7da88c49f,,,
17e8794e-e580-4e62-8935-309ae2949ac3,2025-05-29 10:26:38.99992+00,2025-05-29 10:26:38.99992,c8be5e35-418b-4afd-b583-f5a2e59ef69b,"I need a Tablet ",Learning Resources,In Progress,e7851c39-0aa0-4e11-937b-ad4b3ef92f7e,0be2ea45-b9be-4fec-bf38-4fbe5de5112c,,,
1c86a343-9c98-432d-a205-7592024bf277,2025-07-14 02:28:46.921827+00,2025-07-14 02:28:46.921827,ed1e0ba4-e6b4-44ff-a9ef-4411f0dd83ac,NSFAS book allowance,Financial,Resolved,61da1eed-5e30-4dd0-8e51-cff4ba7f4ce5,0be2ea45-b9be-4fec-bf38-4fbe5de5112c,,,
1f4b546a-ca2c-4d21-adda-cd9bce130f49,2025-07-19 09:00:36.3419+00,2025-07-19 09:00:36.3419,04a233ea-c613-442b-b078-d2c8979cecfc,Assistance in applying for another course,Academic,Resolved,084f00f5-54da-4c51-88fa-e13e030f988c,0be2ea45-b9be-4fec-bf38-4fbe5de5112c,,,
22741f86-dc6b-4226-a4f5-fae9eca4d9c3,2025-06-03 08:29:45.439758+00,2025-06-03 08:29:45.439758,40993c03-0338-42b4-a3c2-b13e20bd0022,"time management ",Learning Resources,Resolved,f1bc65da-23c3-492b-9d69-00e03a9bed32,df47eb64-dc84-4ec1-a8ec-5798af7e64bf,,,
2288a13c-7a8d-4f67-9a73-1b33a9526e33,2025-05-21 08:41:36.540492+00,2025-05-21 08:41:36.540492,f02252f9-ca84-4d7b-9f38-af7a04b0a0b0,Laptop Support,Learning Resources,Resolved,98733f89-1020-48f2-b121-148e36167883,ff0b9749-0755-471c-b75a-e9b7da88c49f,,,
2470eb5e-cef4-4049-95da-129bf19f4394,2025-06-02 17:08:01.299177+00,2025-06-02 17:08:01.299177,6b139d49-4da8-4ec8-8db8-b596965273b0,stepin,General,Resolved,804c49ee-64ee-4ff1-aa7f-a1b5e2683f23,df47eb64-dc84-4ec1-a8ec-5798af7e64bf,,,
299f479f-99e9-4f44-bee5-f9242dbed320,2025-07-26 13:45:55.874587+00,2025-07-26 13:45:55.874587,8656147c-c222-4568-bce0-3a1c5f9fd323,assistance in getting a laptop,Learning Resources,Pending Resolve,a4420113-7711-43ba-a6b7-4e3aa1d2cda0,df47eb64-dc84-4ec1-a8ec-5798af7e64bf,,,
29de7217-2184-48ff-b254-0a759c47ab1f,2025-08-19 15:37:53.21386+00,2025-08-19 15:37:53.21386,fc369258-14b3-49c0-9506-733a7bc16e23,Financial Outstanding of another flat,Accommodation,In Progress,8823adee-0e2c-48c9-921a-73731b243764,df47eb64-dc84-4ec1-a8ec-5798af7e64bf,,,
29dea4ff-0ee5-422e-9c6f-a6bab855ad4d,2025-07-25 06:59:28.250448+00,2025-07-25 06:59:28.250448,39af1087-a3ed-4d49-bf9f-033b5149b83c,Allowance Payout,Financial,Resolved,6c414467-df54-4087-89e3-12dca4ba227e,df47eb64-dc84-4ec1-a8ec-5798af7e64bf,,,
2a568c6e-1378-4d93-b73e-9efe76f9be49,2025-06-03 09:20:41.168382+00,2025-06-03 09:20:41.168382,40993c03-0338-42b4-a3c2-b13e20bd0022,Struggle with step in,Academic,Resolved,6b627670-380a-4ee7-96ea-efa656fb6ed9,df47eb64-dc84-4ec1-a8ec-5798af7e64bf,,,
2b263221-87fc-433b-9cef-da23ace154ae,2025-08-04 19:44:41.200796+00,2025-08-04 19:44:41.200796,e1b30980-b1ef-4ed4-af21-8f755f290192,BUS 100,Academic,Pending Resolve,225c32d1-f67e-4905-a8f9-6a2a59c37524,0be2ea45-b9be-4fec-bf38-4fbe5de5112c,,,
2b36e846-8e3b-4f84-af62-8c4149edec0a,2025-07-30 16:21:15.350953+00,2025-07-30 16:21:15.350953,de24353a-4116-42ce-9ab6-17cf284a075c,TTP Launch,General,In Progress,42aec9a4-0cb1-41fd-a201-64f87e0583bd,0be2ea45-b9be-4fec-bf38-4fbe5de5112c,,,
2fe12ed5-7002-40bc-823f-c5dd2d199e69,2025-08-04 10:50:36.548706+00,2025-08-04 10:50:36.548706,66a659e4-ee0a-4966-91cc-5a043a6580f3,"grocery ",Financial,Pending Resolve,5f28bcee-ab75-4a67-9459-8dfa6b33abf8,0be2ea45-b9be-4fec-bf38-4fbe5de5112c,,,
30bb604b-3f8e-4847-9e88-2193ecc86c51,2025-08-17 18:21:38.468763+00,2025-08-17 18:21:38.468763,57946524-60c0-4854-9dfe-3f8087f61f1f,Laptop,Learning Resources,In Progress,9b18dbc8-3295-412e-bc91-90815283bead,df47eb64-dc84-4ec1-a8ec-5798af7e64bf,,,
3163a84f-f88b-41d7-92c6-771db963974f,2025-06-12 10:33:59.944779+00,2025-06-12 10:33:59.944779,a15419b2-70af-4644-8dd8-08e144cfbe62,Financial aid status,Financial,Resolved,0b226ee4-466c-4086-bbc3-5f0cf680004c,df47eb64-dc84-4ec1-a8ec-5798af7e64bf,,,
3232e7cd-9aad-4c3c-8fdf-1bda2a670241,2025-06-06 17:22:46.335949+00,2025-06-06 17:22:46.335949,a14c4a9c-4e4b-4980-a163-68a56a0a410e,Allowances,Financial,In Progress,edcb8716-6aec-4b24-8153-3fb219b73878,ff0b9749-0755-471c-b75a-e9b7da88c49f,,,
32f0bfd1-a873-4f70-9046-fc838458117f,2025-08-07 12:48:32.897075+00,2025-08-07 12:48:32.897075,9d0d5845-9e5c-4e63-834e-e71d44361ffe,Toture/ help,Academic,Resolved,ce676844-ed6b-499f-b1fd-27af4194cd37,0be2ea45-b9be-4fec-bf38-4fbe5de5112c,,,
33cfbf8a-4215-407e-9a90-e55f44bdbd78,2025-06-10 21:41:38.183422+00,2025-06-10 21:41:38.183422,87388c91-8a04-44ee-a930-5e389a3285a5,"accommodation ",Financial,Resolved,7df9bc18-49b9-4643-94ad-c502d6ef81ef,df47eb64-dc84-4ec1-a8ec-5798af7e64bf,,,
33dc260a-ec93-40f7-a061-c337ba064f68,2025-08-12 04:00:01.435208+00,2025-08-12 04:00:01.435208,26fd3f71-80b0-4256-8cb8-ccdd84a18569,TTP Launch,General,In Progress,ebf9ea48-aea9-4808-8312-c27295c8cf90,0be2ea45-b9be-4fec-bf38-4fbe5de5112c,,,
35ae779f-6ca4-46da-901f-fb8a514cc323,2025-06-17 18:47:33.520494+00,2025-06-17 18:47:33.520494,098337d2-c7fc-441b-b953-76143f5885f0,"Account Summary ",Financial,Resolved,1b43f38f-417c-4faf-acaa-9473dc019e42,df47eb64-dc84-4ec1-a8ec-5798af7e64bf,,,
35edbc34-1fee-437d-a63a-97823fc2f2d5,2025-08-04 19:34:37.699265+00,2025-08-04 19:34:37.699265,e1b30980-b1ef-4ed4-af21-8f755f290192,BUS 100,Academic,Resolved,c672a22b-ca27-4367-81b4-ba0ca233d601,0be2ea45-b9be-4fec-bf38-4fbe5de5112c,,,
379b9368-6252-429c-8b9b-41e94834653a,2025-06-24 12:36:58.168927+00,2025-06-24 12:36:58.168927,2a5d0240-3e7f-48cc-aed1-536ba4f9a524,"Financial assistance ",Financial,In Progress,5f32cdb3-f827-40f3-8315-8ab45914e532,0be2ea45-b9be-4fec-bf38-4fbe5de5112c,,,
39a5b883-2539-4788-b5ff-6e2a8100ae3b,2025-06-02 13:44:04.111567+00,2025-06-02 13:44:04.111567,04a233ea-c613-442b-b078-d2c8979cecfc,Progress,Academic,Resolved,3710cc5c-15a9-4f30-a884-851764d6e1de,0be2ea45-b9be-4fec-bf38-4fbe5de5112c,,,
3a8712f2-940f-4c01-b44f-3c353a3d6ff9,2025-08-04 19:22:27.75545+00,2025-08-04 19:22:27.75545,6eb4a7d4-df95-4e15-a220-8c8ac38545ac,Tutoring services(STC 147),Academic,Pending Resolve,5ec079c5-aa37-4915-b4b2-9e980b4acc10,df47eb64-dc84-4ec1-a8ec-5798af7e64bf,,,
3b9165f5-3026-44f3-b3f3-df1d451db710,2025-07-21 09:30:54.722494+00,2025-07-21 09:30:54.722494,3b286e59-06b1-4ff8-920c-e53c4994256a,exclusion,Academic,Resolved,babc7774-446c-487b-bc07-2d4dc162de1c,0be2ea45-b9be-4fec-bf38-4fbe5de5112c,,,
3c3e1ad7-70b6-4504-9127-de2b723804aa,2025-07-17 00:22:35.184601+00,2025-07-17 00:22:35.184601,f001e25f-0f7f-4c98-8f33-7816e715a749,"update of contact number ",General,Resolved,4f84e902-c66d-4250-a562-12e25570593c,df47eb64-dc84-4ec1-a8ec-5798af7e64bf,,,
3e560f78-697b-4931-8de9-b6a0614cf462,2025-06-04 08:11:50.899735+00,2025-06-04 08:11:50.899735,25260b55-8f5f-41d7-9cd8-3df5160621f4,"Profile Information ",General,Resolved,4615212a-fcb7-4386-8a79-387949eba6e3,df47eb64-dc84-4ec1-a8ec-5798af7e64bf,,,
40ca93e0-c302-420c-bae5-05e472c234a8,2025-07-21 09:36:50.793098+00,2025-07-21 09:36:50.793098,3b286e59-06b1-4ff8-920c-e53c4994256a,"Ebit exclusion ",Academic,Pending Resolve,3e6f099d-d4d4-4f6a-bd69-656d5948bc69,0be2ea45-b9be-4fec-bf38-4fbe5de5112c,,,
41cda611-f774-478f-9db3-73a87da1edca,2025-06-28 23:08:08.082355+00,2025-06-28 23:08:08.082355,66a659e4-ee0a-4966-91cc-5a043a6580f3,"accommodation ",Accommodation,Resolved,62629185-e84b-4e7f-a8d2-ed4dd64952f7,0be2ea45-b9be-4fec-bf38-4fbe5de5112c,,,
42583202-19f3-40f5-8148-ecc83740e0d3,2025-06-09 17:40:26.783433+00,2025-06-09 17:40:26.783433,1420923d-3e27-4ffb-94eb-ba4aef3067e0,"TUITION ",General,Resolved,1c12979c-0bd3-428d-97ba-07ea8be73cb5,df47eb64-dc84-4ec1-a8ec-5798af7e64bf,,,
425cca76-e84c-4723-bec0-f3c11f4732f9,2025-07-28 10:41:19.464596+00,2025-07-28 10:41:19.464596,c8718bee-c77f-46c8-99a0-2b05ef934dcf,Laptop request,Learning Resources,Resolved,20d52c32-5bc9-4236-af47-e96a5e0cc36c,df47eb64-dc84-4ec1-a8ec-5798af7e64bf,,,
432d7813-a0db-4842-85d3-f33b8354cb15,2025-06-06 15:40:47.568304+00,2025-06-06 15:40:47.568304,98ff495e-d0c9-4ed0-961c-d70e5c060bf7,Tutoring support,Academic,Resolved,6db6b68b-f379-4ed1-9e88-3a7baa6ae94b,ff0b9749-0755-471c-b75a-e9b7da88c49f,,,
44110db0-7691-43c9-b2b7-d1f445e1c9d0,2025-06-03 18:17:57.522082+00,2025-06-03 18:17:57.522082,51c36632-72da-45b5-8d81-071251854d50,"Step-in Survey ",General,Resolved,258c9864-99b1-4b20-9248-a9de20edf6e3,df47eb64-dc84-4ec1-a8ec-5798af7e64bf,,,
44edfde2-a24b-494e-8c21-a87a518f4af2,2025-08-13 14:35:09.595051+00,2025-08-13 14:35:09.595051,1b11a8aa-9433-4bbd-9ffd-6eb741cb6a21,I was wrongfully dismissed,Financial,Pending Resolve,afed1e60-7cd3-467a-bba7-59b31897e13d,df47eb64-dc84-4ec1-a8ec-5798af7e64bf,,,
482202c0-c35a-4879-b3ea-a8125ab75398,2025-06-18 04:26:43.493179+00,2025-06-18 04:26:43.493179,6b139d49-4da8-4ec8-8db8-b596965273b0,payout,Financial,Resolved,3c603f8b-080c-44ce-b2f5-d1862f184bb2,df47eb64-dc84-4ec1-a8ec-5798af7e64bf,,,
4d579854-5404-4ab6-9546-0034de4cf89d,2025-07-12 22:26:58.480597+00,2025-07-12 22:26:58.480597,ed1e0ba4-e6b4-44ff-a9ef-4411f0dd83ac,NSFAS book allowance,Financial,Resolved,18236d2d-f232-4246-af12-7c3f20f1b7c1,0be2ea45-b9be-4fec-bf38-4fbe5de5112c,,,
4fe01697-3a07-48b7-bd36-5d7bce605d82,2025-07-24 05:32:13.264576+00,2025-07-24 05:32:13.264576,33b4074e-45d3-47d0-adaa-0f3010c5bb9a,Private accommodation rent,Financial,Resolved,b3534bfe-ff14-46a7-99ea-823d5972aed7,0be2ea45-b9be-4fec-bf38-4fbe5de5112c,,,
511c0848-219e-4b4c-8ff0-a85c827434dc,2025-07-07 22:14:03.948323+00,2025-07-07 22:14:03.948323,c83fa279-78ed-431e-b017-f3cbf0490c52,"Exclusion ",Academic,Resolved,837b7f72-101b-4ff8-9836-05d389cc11f0,0be2ea45-b9be-4fec-bf38-4fbe5de5112c,,,
51807d19-d526-4414-9ae3-31e0714dd043,2025-07-27 11:48:47.283069+00,2025-07-27 11:48:47.283069,4b2a1a98-e437-4693-a759-ed1152327912,When the bursary will be able to officially start covering us,Accommodation,Resolved,c4da6c35-468d-4c21-91cb-1e978f9dcee4,df47eb64-dc84-4ec1-a8ec-5798af7e64bf,,,
522535af-852e-4fd2-a191-6e995f7e03a6,2025-06-02 14:09:57.278795+00,2025-06-02 14:09:57.278795,6b139d49-4da8-4ec8-8db8-b596965273b0,step in,General,Resolved,8e5e5980-ef2b-452f-9df2-a4d6c8d7f3ae,df47eb64-dc84-4ec1-a8ec-5798af7e64bf,,,
52521ef1-628a-455f-a4d9-016891c278a0,2025-06-03 06:53:17.881213+00,2025-06-03 06:53:17.881213,f001e25f-0f7f-4c98-8f33-7816e715a749,Request for Verification of Uploaded Documents – Accommodation Funding Status,Financial,Resolved,9393825e-dd58-4806-8100-0d8bb666cb5e,df47eb64-dc84-4ec1-a8ec-5798af7e64bf,,,
528b5aa4-4cb1-46d2-a6ba-728dc24a4115,2025-07-14 10:01:45.671009+00,2025-07-14 10:01:45.671009,b641e08f-5ef7-41f7-811f-11b3b0eae85d,Studeng Account Fee,Financial,Resolved,ba63955d-3600-42e6-ba4e-c92c92ab0e97,df47eb64-dc84-4ec1-a8ec-5798af7e64bf,,,
52c045f2-cff0-441e-a713-4bf4f131c2cb,2025-07-20 13:24:34.87765+00,2025-07-20 13:24:34.87765,7615eba0-4874-4cdf-ad0f-f42683eeee4c,"change my cellphone number ",General,Resolved,84a8f292-98de-4c24-abb2-88b12075dbb2,0be2ea45-b9be-4fec-bf38-4fbe5de5112c,,,
52e51a45-d3a1-4520-9a64-9a9a485c3e4e,2025-08-30 13:30:05.468467+00,2025-08-30 13:30:05.468467,41dea018-f10f-412c-9d70-c4f7e8131ab8,Testing new,Academic,In Progress,ee57bbf5-06de-4ef0-a1f9-63d710bcd43d,071c3e0d-5ecb-49c0-8116-05a83c1ffb98,,b5daac52-35ed-4844-ad20-15b5d842220b,1774b70c-f3c4-433d-ab1d-1ae5fe272ea5
551565a6-ada2-44c8-86d7-b21b94aeb0ab,2025-06-14 11:35:19.947722+00,2025-06-14 11:35:19.947722,09019473-818b-42e0-8583-76b0ac50436b,Living allowances,Financial,Resolved,97522bb4-98c7-4f9b-95bb-2bf6578b4070,df47eb64-dc84-4ec1-a8ec-5798af7e64bf,,,
5680abd0-8e93-460d-b3fe-24dddb8b79cd,2025-06-20 07:12:53.732758+00,2025-06-20 07:12:53.732758,71091acc-f3da-4843-bc4b-5f1d6ace9f15,Bursary payouts,Financial,Resolved,eab26ac7-4062-4e91-ae62-76c03c81f6b0,df47eb64-dc84-4ec1-a8ec-5798af7e64bf,,,
5a18c832-90cf-40f7-b718-39bf39ca2a0c,2025-05-29 07:31:25.630672+00,2025-05-29 07:31:25.630672,e7f79f18-c9df-4d69-bc2f-792b81e69563,"Advising ",Academic,Resolved,c65be30f-1bde-41ab-8af3-1c3f1cbd4d5a,ff0b9749-0755-471c-b75a-e9b7da88c49f,,,
5ccbbd9a-1add-4bbb-a1fd-8ccf191d07b7,2025-08-07 13:48:13.182473+00,2025-08-07 13:48:13.182473,ac9b1d36-1825-46e0-9c94-6c1733a5559a,"laptop support ",Learning Resources,In Progress,658cc862-3921-4ca5-8bf1-175de2c8affe,df47eb64-dc84-4ec1-a8ec-5798af7e64bf,,,
5e32b569-3345-43c0-aabb-a6cd735f5362,2025-07-21 09:59:23.681512+00,2025-07-21 09:59:23.681512,04a233ea-c613-442b-b078-d2c8979cecfc,"Reapplying ",Academic,Resolved,2584ead7-ebee-4f8c-8b2e-7e4052d4bec1,0be2ea45-b9be-4fec-bf38-4fbe5de5112c,,,
5e9b066f-a4e6-4f05-b93c-41da776d834f,2025-06-06 07:30:31.248672+00,2025-06-06 07:30:31.248672,1420923d-3e27-4ffb-94eb-ba4aef3067e0,PAYMENT,Accommodation,Resolved,6e963594-b9e8-4dce-a971-cad8b0833c4b,df47eb64-dc84-4ec1-a8ec-5798af7e64bf,,,
5fa4474b-0a4b-498e-ab29-c4cb709e68e1,2025-06-06 10:33:12.712369+00,2025-06-06 10:33:12.712369,98ff495e-d0c9-4ed0-961c-d70e5c060bf7,Laptop required,Learning Resources,Resolved,d5b487f9-70e6-4883-a5a3-383389b068d5,ff0b9749-0755-471c-b75a-e9b7da88c49f,,,
62881580-d7a9-4e2f-8984-384a9c93be40,2025-06-10 16:01:38.402916+00,2025-06-10 16:01:38.402916,f001e25f-0f7f-4c98-8f33-7816e715a749,"help with the bursary payout application ",General,Resolved,21df3a29-229b-47ce-a0ab-ae3098b3d8a6,df47eb64-dc84-4ec1-a8ec-5798af7e64bf,,,
63b06eca-21b3-45dc-92bb-0ead4d55abef,2025-08-24 16:37:02.304972+00,2025-08-24 16:37:02.304972,e4de6140-36f4-4a11-8499-26421878afd2,Laptop supprt,Learning Resources,Resolved,bf732a95-09e6-407f-aa16-6eb36f147ace,0be2ea45-b9be-4fec-bf38-4fbe5de5112c,,,
6619241a-2c5a-441c-95be-37d2fff9a7e4,2025-06-12 20:59:32.407295+00,2025-06-12 20:59:32.407295,1420923d-3e27-4ffb-94eb-ba4aef3067e0,CONCERN,Financial,Resolved,aea501e5-0444-4d39-96c6-1e83fb5454d0,df47eb64-dc84-4ec1-a8ec-5798af7e64bf,,,
67769234-3c1e-4c2b-846b-ebc2b7d431a5,2025-07-28 10:55:07.276289+00,2025-07-28 10:55:07.276289,c8718bee-c77f-46c8-99a0-2b05ef934dcf,"Meal Top up request ",General,Resolved,5a836291-1342-4eee-9e4b-ded744f6e22c,df47eb64-dc84-4ec1-a8ec-5798af7e64bf,,,
680bc192-85f4-4e91-8311-082be820d46d,2025-06-19 18:59:37.183531+00,2025-06-19 18:59:37.183531,87388c91-8a04-44ee-a930-5e389a3285a5,"ecp bursary ",Financial,Resolved,542ae1bd-1173-4e49-ab03-f533d7104833,df47eb64-dc84-4ec1-a8ec-5798af7e64bf,,,
6bb91ffe-ef35-49a1-9329-ae826fb47534,2025-06-19 06:10:31.941059+00,2025-06-19 06:10:31.941059,ae51581b-553c-48d3-8233-25920e96f677,Course Advice and Mid-Year Transfer,Academic,Resolved,33fbc43f-aab1-4ef2-b0e1-05976474428f,0be2ea45-b9be-4fec-bf38-4fbe5de5112c,,,
6c65cbf7-9613-4638-b645-cb24f2528bab,2025-05-23 13:30:23.393903+00,2025-05-23 13:30:23.393903,e7f79f18-c9df-4d69-bc2f-792b81e69563,"Tutoring ",Academic,In Progress,214addf3-b0b2-47c0-b7e4-40c7a2814023,ff0b9749-0755-471c-b75a-e9b7da88c49f,,,
6c6c8985-267e-4be3-b54a-11c4925dd80b,2025-08-11 09:21:18.094509+00,2025-08-11 09:21:18.094509,950b4fe5-c307-4b3a-9bec-95059169c721,Eye Glasses Support,Learning Resources,In Progress,96eba4b7-1eec-4d78-be99-385c440808e6,0be2ea45-b9be-4fec-bf38-4fbe5de5112c,,,
6f751dbc-40e1-4d9c-b648-723dc5780dab,2025-07-28 10:46:04.124979+00,2025-07-28 10:46:04.124979,c8718bee-c77f-46c8-99a0-2b05ef934dcf,Student Card Meal Top up,General,Resolved,012f6920-0520-4818-a316-bd4aa63db044,df47eb64-dc84-4ec1-a8ec-5798af7e64bf,,,
6fea7667-0a8c-4b60-9a0e-5e61bf2b16ce,2025-08-13 10:11:23.998368+00,2025-08-13 10:11:23.998368,538af738-c9d7-4ebd-8ecd-b0f32e53a7ee,Tutoring,Academic,Resolved,a231ea1d-9c38-4090-b304-7f9bf22e47ff,0be2ea45-b9be-4fec-bf38-4fbe5de5112c,,,
760d3849-bd9b-435b-9139-0349c511d428,2025-06-23 11:39:35.544963+00,2025-06-23 11:39:35.544963,71091acc-f3da-4843-bc4b-5f1d6ace9f15,Query,Accommodation,Resolved,2135bc86-d67a-4558-a1a4-81785ed6cf1b,df47eb64-dc84-4ec1-a8ec-5798af7e64bf,,,
78309448-d8d6-4072-ac01-6fa5ec42a48d,2025-08-11 09:58:46.958583+00,2025-08-11 09:58:46.958583,25260b55-8f5f-41d7-9cd8-3df5160621f4,Laptop Support,Learning Resources,In Progress,b834838c-6c00-4c9c-a4fe-c43c40d16635,df47eb64-dc84-4ec1-a8ec-5798af7e64bf,,,
799b1da1-eab9-49d6-ac0f-dad603fb92f8,2025-08-05 16:10:06.263601+00,2025-08-05 16:10:06.263601,87388c91-8a04-44ee-a930-5e389a3285a5,"August payout ",Financial,Resolved,934ea448-fa15-4782-9557-87a28a5b9623,df47eb64-dc84-4ec1-a8ec-5798af7e64bf,,,
79a7e37f-4d93-4c21-84d1-8c8db74dca19,2025-08-20 13:54:38.431573+00,2025-08-20 13:54:38.431573,c8718bee-c77f-46c8-99a0-2b05ef934dcf,Monthly Allowances,Financial,Resolved,0dadf273-3646-4399-b9e8-932850ce383a,df47eb64-dc84-4ec1-a8ec-5798af7e64bf,,,
7cb40be5-9730-4483-b702-62a484af14a8,2025-02-27 20:49:19.56511+00,2025-02-27 20:49:19.56511,5cd95045-9fc6-4a43-9d91-0e94691d2446,"Accomodation assistance ",General,Resolved,2e776ed0-a3eb-4168-8b0c-7c38c0ade8b1,ff0b9749-0755-471c-b75a-e9b7da88c49f,,,
7d07a03e-4a48-4939-9f2f-050a8ce7060c,2025-07-10 07:45:36.713785+00,2025-07-10 07:45:36.713785,ed1e0ba4-e6b4-44ff-a9ef-4411f0dd83ac,NSFAS payout,Financial,Resolved,45b7e491-3ff7-45f9-bda2-0f53e207b927,0be2ea45-b9be-4fec-bf38-4fbe5de5112c,,,
7f78ab39-7e6b-4e44-b74d-9081870ab828,2025-05-21 08:32:25.837105+00,2025-05-21 08:32:25.837105,f02252f9-ca84-4d7b-9f38-af7a04b0a0b0,EBN123,Academic,Resolved,9bcccc58-a166-4482-bd79-86a7fb7582ed,ff0b9749-0755-471c-b75a-e9b7da88c49f,,,
8098f897-ce3f-4372-b368-7fac302e528d,2025-06-02 18:48:43.845323+00,2025-06-02 18:48:43.845323,c8be5e35-418b-4afd-b583-f5a2e59ef69b,I need an extra help in FSK 116,Academic,Resolved,7b4eb403-4efa-4d34-ab9a-f210e68ed3f8,0be2ea45-b9be-4fec-bf38-4fbe5de5112c,,,
811abf37-4e4d-43f9-a132-cf029b6bfe6c,2025-08-30 11:55:44.924346+00,2025-08-30 11:55:44.924346,41dea018-f10f-412c-9d70-c4f7e8131ab8,Hello,Academic,In Progress,65c75275-f2e7-4790-8444-8674557c96ce,071c3e0d-5ecb-49c0-8116-05a83c1ffb98,,,
816689bc-e072-4a1a-9d36-14bfa2c733a9,2025-08-11 13:57:16.749641+00,2025-08-11 13:57:16.749641,4b2a1a98-e437-4693-a759-ed1152327912,lease change,Accommodation,Pending Resolve,6f47998a-831b-42ad-85fd-fc3b6e2e9a03,df47eb64-dc84-4ec1-a8ec-5798af7e64bf,,,
828c4ad8-bc33-4ddd-9430-ffc1499c1d00,2025-07-18 13:15:27.72672+00,2025-07-18 13:15:27.72672,c83fa279-78ed-431e-b017-f3cbf0490c52,exclusion appeal disapproved,Academic,Pending Resolve,03f7f5da-3f0e-449a-821a-db385989127c,0be2ea45-b9be-4fec-bf38-4fbe5de5112c,,,
843ea13a-f327-4bd7-aba6-5f4f1e0fb75f,2025-05-24 07:25:43.370958+00,2025-05-24 07:25:43.370958,538af738-c9d7-4ebd-8ecd-b0f32e53a7ee,Psychological help,General,Resolved,e5bbaf0c-aabe-46b2-bcf1-3163f867bda8,0be2ea45-b9be-4fec-bf38-4fbe5de5112c,,,
854257de-64e6-4675-a3b2-6ff9eff69ec7,2025-08-08 08:26:01.431494+00,2025-08-08 08:26:01.431494,c8718bee-c77f-46c8-99a0-2b05ef934dcf,"Laptop Support ",Learning Resources,Resolved,cdc92c07-ea0a-40d4-acfa-4b845395dd19,df47eb64-dc84-4ec1-a8ec-5798af7e64bf,,,
854dafe5-dafc-422a-8044-8f01d3a3ecc4,2025-08-07 13:10:07.597128+00,2025-08-07 13:10:07.597128,71091acc-f3da-4843-bc4b-5f1d6ace9f15,"Laptop Support ",Learning Resources,Resolved,5b0c55f0-dc81-4c7f-be33-6304efa9b5b0,df47eb64-dc84-4ec1-a8ec-5798af7e64bf,,,
877638f5-d209-4865-b71d-b13ce0f3034d,2025-08-05 05:51:23.627024+00,2025-08-05 05:51:23.627024,25260b55-8f5f-41d7-9cd8-3df5160621f4,Inquiry Regarding Payment of Monthly Allowance,Financial,Resolved,9c310bed-0ff8-43f0-875a-c88d1f69ed60,df47eb64-dc84-4ec1-a8ec-5798af7e64bf,,,
886d0812-ad17-4c9f-939c-8d1229a56475,2025-05-25 20:50:03.237958+00,2025-05-25 20:50:03.237958,f5fb04ab-2653-4c77-9b57-b5d5ef994436,WTW 158 Calculus,Academic,Resolved,cabfd782-2e4b-4782-ab24-36ed88a71791,0be2ea45-b9be-4fec-bf38-4fbe5de5112c,,,
8acffa52-bb02-4714-8453-bafa7b4af543,2025-06-18 18:57:39.749397+00,2025-06-18 18:57:39.749397,1420923d-3e27-4ffb-94eb-ba4aef3067e0,RENTAL AGREEMENT,Accommodation,Resolved,fcff3fa7-56c3-42be-bbb6-205e96766ba5,df47eb64-dc84-4ec1-a8ec-5798af7e64bf,,,
8c779a57-5fd1-4cb7-8d3b-df39724a17cc,2025-07-02 10:27:21.336254+00,2025-07-02 10:27:21.336254,098337d2-c7fc-441b-b953-76143f5885f0,"Living Allowance ",Financial,Resolved,6e3843c0-02af-4b63-851d-cc1f09c9ffc1,df47eb64-dc84-4ec1-a8ec-5798af7e64bf,,,
8cd1007e-7e29-42bd-a2ac-184fa4e74203,2025-08-08 10:25:47.003325+00,2025-08-08 10:25:47.003325,7615eba0-4874-4cdf-ad0f-f42683eeee4c,certificate of good conduct,General,Pending Resolve,9f38850e-0439-46b2-9058-328ed2f0823f,0be2ea45-b9be-4fec-bf38-4fbe5de5112c,,,
8e7120c4-dc29-4abb-8fb1-43f816d4cf90,2025-06-06 17:28:27.229178+00,2025-06-06 17:28:27.229178,098337d2-c7fc-441b-b953-76143f5885f0,Allowance,Financial,Resolved,41f15e11-3e64-4d50-8dd8-b8a554c89be7,df47eb64-dc84-4ec1-a8ec-5798af7e64bf,,,
8eb3553d-05c5-4ef5-af83-3df5fa455f55,2025-08-11 16:36:53.347642+00,2025-08-11 16:36:53.347642,87388c91-8a04-44ee-a930-5e389a3285a5,"laptop support ",Learning Resources,Resolved,61612c1c-b685-4e80-bda8-6829d74aac16,df47eb64-dc84-4ec1-a8ec-5798af7e64bf,,,
8f642651-7c78-4d0f-b27d-57a2300453ef,2025-08-19 09:21:53.063958+00,2025-08-19 09:21:53.063958,098337d2-c7fc-441b-b953-76143f5885f0,"Tuition ",Financial,Resolved,777a7bf2-e255-4ed2-bfbf-3ece5a77c53d,df47eb64-dc84-4ec1-a8ec-5798af7e64bf,,,
8fdbf1ca-8d46-44a3-95a9-36943ee5b046,2025-05-23 12:01:06.366082+00,2025-05-23 12:01:06.366082,ed1e0ba4-e6b4-44ff-a9ef-4411f0dd83ac,Tutoring,Academic,Resolved,48f4591f-3218-4a30-aabc-e2fe3b568cca,0be2ea45-b9be-4fec-bf38-4fbe5de5112c,,,
9275d021-a526-4fda-b0c4-15898d804f16,2025-08-11 18:27:57.552459+00,2025-08-11 18:27:57.552459,89d3cb78-cdc5-4deb-9599-003a1fd21886,"Laptop support ",Learning Resources,Resolved,61178022-cfa7-404f-9f2f-63f317257138,df47eb64-dc84-4ec1-a8ec-5798af7e64bf,,,
92ace49d-c6d5-4627-92b0-96ea66bdcfcf,2025-07-21 20:32:58.860744+00,2025-07-21 20:32:58.860744,de24353a-4116-42ce-9ab6-17cf284a075c,"Request for Additional Financial Support ",Financial,In Progress,688257a4-4aaf-4524-8e20-4b9b6f4a3a8e,0be2ea45-b9be-4fec-bf38-4fbe5de5112c,,,
95bd463b-90e3-4a36-b0bd-db1c8423f682,2025-06-06 17:18:46.95212+00,2025-06-06 17:18:46.95212,a14c4a9c-4e4b-4980-a163-68a56a0a410e,Tutoring Support,Academic,Resolved,db88c332-f4ae-4323-839c-71e01ee44643,ff0b9749-0755-471c-b75a-e9b7da88c49f,,,
9734ef9d-04c5-4c03-88e2-0cdbda2efe5a,2025-03-29 05:58:28.417866+00,2025-03-29 05:58:28.417866,5cd95045-9fc6-4a43-9d91-0e94691d2446,I need a place to stay,Accommodation,Pending Resolve,eedbf401-e5c0-4bee-8868-51f56506893a,ff0b9749-0755-471c-b75a-e9b7da88c49f,,,
9929d808-bb15-412b-a35b-b72e027c6827,2025-07-29 16:45:40.565391+00,2025-07-29 16:45:40.565391,729957fb-1ca2-45fa-a934-dcde146d7b5a,"proof of bursary ",Accommodation,Resolved,74d75ab5-77de-46c4-bc5b-b786164b143e,df47eb64-dc84-4ec1-a8ec-5798af7e64bf,,,
9d18d817-9a56-419c-841a-f8f6f7340e84,2025-08-20 14:07:30.78836+00,2025-08-20 14:07:30.78836,c8718bee-c77f-46c8-99a0-2b05ef934dcf,Monthly Allowances and Financial Hold,Financial,Resolved,cb04fc28-eb3f-4b79-b698-d064550db9ff,df47eb64-dc84-4ec1-a8ec-5798af7e64bf,,,
9de5d968-e666-4776-885e-9809508db2c9,2025-05-23 14:29:28.178325+00,2025-05-23 14:29:28.178325,950b4fe5-c307-4b3a-9bec-95059169c721,Tutoring,Academic,Resolved,0ed7d5d9-6939-45e2-b474-17b764072433,0be2ea45-b9be-4fec-bf38-4fbe5de5112c,,,
a1db528d-4679-4e7a-a4d6-c5e3b269789b,2025-07-29 15:17:01.000643+00,2025-07-29 15:17:01.000643,39af1087-a3ed-4d49-bf9f-033b5149b83c,Laptop collection,Learning Resources,Resolved,1d42c277-fe74-44fe-bc7b-33370548a1f9,df47eb64-dc84-4ec1-a8ec-5798af7e64bf,,,
a8369205-e962-44a3-ba6a-481b8e035f2e,2025-06-01 14:06:51.581542+00,2025-06-01 14:06:51.581542,04a233ea-c613-442b-b078-d2c8979cecfc,exclusion,Academic,Resolved,13feff11-929e-4d88-9284-72b1ef6869f5,0be2ea45-b9be-4fec-bf38-4fbe5de5112c,,,
a9003a70-1f6e-4359-a9b4-45f415edda63,2025-07-30 14:01:02.732651+00,2025-07-30 14:01:02.732651,33b4074e-45d3-47d0-adaa-0f3010c5bb9a,TTP Launch Event competition,General,In Progress,ab095bef-be45-498c-b784-60b540227ec8,0be2ea45-b9be-4fec-bf38-4fbe5de5112c,,,
aa066c4e-15b9-44c2-bfbb-f31a2d9319ee,2025-06-06 17:22:18.259443+00,2025-06-06 17:22:18.259443,a14c4a9c-4e4b-4980-a163-68a56a0a410e,"Advising ",Academic,Resolved,68b81f91-de9d-4db3-b184-c84deb89a15b,ff0b9749-0755-471c-b75a-e9b7da88c49f,,,
aa43df65-42cf-4f0d-9932-f35c92c96748,2025-07-30 16:18:37.39531+00,2025-07-30 16:18:37.39531,847d22a1-1a73-4021-900e-92dabe99432b,No bursary afforded to me,Financial,In Progress,624a3761-5de9-4cea-862c-5773a3b8a078,0be2ea45-b9be-4fec-bf38-4fbe5de5112c,,,
aa59e2fb-2200-4a3e-9c9e-8f7c2524715f,2025-08-08 10:27:43.860218+00,2025-08-08 10:27:43.860218,7615eba0-4874-4cdf-ad0f-f42683eeee4c,change of cellphone number,General,In Progress,ce935d1a-6ca8-443e-bc81-2e89a8b85b95,0be2ea45-b9be-4fec-bf38-4fbe5de5112c,,,
aee6ab28-3894-43eb-8e72-d3c139aaecb4,2025-08-30 12:14:02.038015+00,2025-08-30 12:14:02.038015,41dea018-f10f-412c-9d70-c4f7e8131ab8,"Testing availability ",Learning Resources,In Progress,ca180f83-c136-4b8f-8bf0-bf0efa2ed1d8,071c3e0d-5ecb-49c0-8116-05a83c1ffb98,,1774b70c-f3c4-433d-ab1d-1ae5fe272ea5,b5daac52-35ed-4844-ad20-15b5d842220b
b002a9f7-bf30-4afb-9018-082e9dc7fd60,2025-08-22 10:27:49.933578+00,2025-08-22 10:27:49.933578,06cc54a8-bf04-4dd4-8481-cdfaac398a2e,"Laptop Support ",Learning Resources,In Progress,2c9e7e1a-65f9-4d8a-a2a1-4e5a96893c24,df47eb64-dc84-4ec1-a8ec-5798af7e64bf,,,
b00fb946-2857-41e6-957c-32a71343729f,2025-05-26 20:02:53.160171+00,2025-05-26 20:02:53.160171,035e6805-c17b-418a-8f09-364c754ef763,wtw 158,Academic,Resolved,d0261ed5-649c-4c9b-9572-cf77e148ca34,0be2ea45-b9be-4fec-bf38-4fbe5de5112c,,,
b2a7d12b-bece-4a2e-8b6b-d8103e9aa8ea,2025-06-17 16:17:14.626812+00,2025-06-17 16:17:14.626812,71091acc-f3da-4843-bc4b-5f1d6ace9f15,Bursary payouts,Financial,Resolved,3b346679-0d83-48de-8f49-77cc32398322,df47eb64-dc84-4ec1-a8ec-5798af7e64bf,,,
b32ba6bb-329c-46e8-b0bf-b58e00a3999f,2025-08-25 14:28:55.276173+00,2025-08-25 14:28:55.276173,f6e7916c-72fa-4ebc-8567-062a632a65ef,"Bursary payout ",Accommodation,Resolved,9af5663d-ca80-4c47-9913-6f5e3e1e580d,df47eb64-dc84-4ec1-a8ec-5798af7e64bf,,,
b4a7f3a0-6f7b-496a-a803-26404510dc8f,2025-07-30 15:55:12.863424+00,2025-07-30 15:55:12.863424,30e5835a-a1a3-404f-8b00-4828691cd2b8,"laptop ",Learning Resources,Resolved,57e0aee7-e445-46f6-b673-5b77c455aac0,df47eb64-dc84-4ec1-a8ec-5798af7e64bf,,,
b570965e-bd3d-428d-96d6-80d7f0acc9a9,2025-08-27 01:25:29.545841+00,2025-08-27 01:25:29.545841,f6e7916c-72fa-4ebc-8567-062a632a65ef,"Bursary Payout ",Accommodation,Resolved,d1774484-bd40-4988-9767-f341486c31a7,df47eb64-dc84-4ec1-a8ec-5798af7e64bf,,,
b736cb22-d723-4f12-b87d-ede04b15232e,2025-07-24 18:44:52.308531+00,2025-07-24 18:44:52.308531,fc369258-14b3-49c0-9506-733a7bc16e23,Eye problem,Financial,Resolved,1bbe7cd4-6303-4c6f-98a7-0ad37b3438c2,df47eb64-dc84-4ec1-a8ec-5798af7e64bf,,,
b8fd2dfd-0c54-4c09-9dad-3442267bc034,2025-06-05 13:41:35.129826+00,2025-06-05 13:41:35.129826,f001e25f-0f7f-4c98-8f33-7816e715a749,"request for verification of uploaded documents ",Financial,Resolved,17c0f019-a9d2-4435-991b-53e04292e4f4,df47eb64-dc84-4ec1-a8ec-5798af7e64bf,,,
ba709f34-8934-447c-a9ff-2913af7d1d3b,2025-05-29 07:31:10.993222+00,2025-05-29 07:31:10.993222,f02252f9-ca84-4d7b-9f38-af7a04b0a0b0,"allowances ",Financial,In Progress,7cbabbb0-8bf8-4385-a1d1-4c339c7726e7,ff0b9749-0755-471c-b75a-e9b7da88c49f,,,
c0cacea7-507f-4492-8e56-e0e97b427a25,2025-06-24 07:40:32.135045+00,2025-06-24 07:40:32.135045,71091acc-f3da-4843-bc4b-5f1d6ace9f15,"Accommodation payment ",Accommodation,Resolved,b8bc3eab-c3d1-4c26-bd40-475d524e40a5,df47eb64-dc84-4ec1-a8ec-5798af7e64bf,,,
c0cd8479-6d5a-42db-b428-8ca4febcbac4,2025-06-10 16:07:01.414249+00,2025-06-10 16:07:01.414249,09019473-818b-42e0-8583-76b0ac50436b,"Study equipment ",Financial,Resolved,b87de398-efde-40aa-aa2b-2ec9a01a0ded,df47eb64-dc84-4ec1-a8ec-5798af7e64bf,,,
c1204cc3-b380-4970-9e04-977687e093f1,2025-08-07 14:10:11.820032+00,2025-08-07 14:10:11.820032,de24353a-4116-42ce-9ab6-17cf284a075c,"Laptop support ",Learning Resources,Resolved,8330c344-2bbd-43eb-bc5b-ea9e1230c13b,0be2ea45-b9be-4fec-bf38-4fbe5de5112c,,,
c2f7275c-2790-4b16-a7b5-1de2fa5bd173,2025-07-28 10:38:08.242838+00,2025-07-28 10:38:08.242838,d47a83a9-1b04-456b-97dd-c383a41a902d,Laptop devices,Learning Resources,Pending Resolve,d03b2e7c-f80f-41e6-af1d-69ab0b01ac51,df47eb64-dc84-4ec1-a8ec-5798af7e64bf,,,
c43c6715-1453-4cc8-a0ba-bc18cf0205fe,2025-07-23 07:27:15.123735+00,2025-07-23 07:27:15.123735,098337d2-c7fc-441b-b953-76143f5885f0,"Living Allowance ",Financial,Resolved,37976576-1976-402b-94bf-f3b4f246afd8,df47eb64-dc84-4ec1-a8ec-5798af7e64bf,,,
c763de7d-8235-4ad5-9995-d636be7470cb,2025-06-19 06:06:51.539124+00,2025-06-19 06:06:51.539124,ae51581b-553c-48d3-8233-25920e96f677,Course Advice and Mid year,Academic,Resolved,45825d74-fbb6-4314-939c-d25be11b15fc,0be2ea45-b9be-4fec-bf38-4fbe5de5112c,,,
c779d1fa-0b97-4fce-9b62-a968c2870741,2025-06-07 08:39:42.175727+00,2025-06-07 08:39:42.175727,098337d2-c7fc-441b-b953-76143f5885f0,Tuition,Financial,Resolved,12fbd7a4-cfc2-48e6-809a-a550ed4fdfee,df47eb64-dc84-4ec1-a8ec-5798af7e64bf,,,
c7ac4b5d-6e3d-48c1-83b4-99c31bff04f1,2025-07-29 18:18:28.90827+00,2025-07-29 18:18:28.90827,57946524-60c0-4854-9dfe-3f8087f61f1f,"Laptop ",Learning Resources,In Progress,319696fd-bfa8-462d-9971-29e77ac2df28,df47eb64-dc84-4ec1-a8ec-5798af7e64bf,,,
ca5e24da-140e-4529-b7a8-c899f262f219,2025-07-21 20:26:56.913185+00,2025-07-21 20:26:56.913185,de24353a-4116-42ce-9ab6-17cf284a075c,"Request for Additional Financial Support ",Financial,Resolved,3ef6e095-620b-459b-9799-79e2a4d58e62,0be2ea45-b9be-4fec-bf38-4fbe5de5112c,,,
cb0cbbc4-a313-4559-a6db-86ae077a60ec,2025-08-24 19:28:04.955075+00,2025-08-24 19:28:04.955075,e4de6140-36f4-4a11-8499-26421878afd2,Laptop support,Learning Resources,In Progress,e47d2aa0-04d5-4653-a778-c50d43a2cac5,0be2ea45-b9be-4fec-bf38-4fbe5de5112c,,,
cd3c8a33-5ff6-4be1-a240-df3432dc89a1,2025-07-19 21:42:36.516807+00,2025-07-19 21:42:36.516807,db1c11aa-2ca6-4f93-a97b-369c29c40d27,"module registration ",Registration,Resolved,13c63f9d-bdac-4654-b2e1-678ea80feec3,df47eb64-dc84-4ec1-a8ec-5798af7e64bf,,,
cd4fd5cc-fa00-475e-9ee9-7ebfdfe7ee3e,2025-08-03 22:28:41.936099+00,2025-08-03 22:28:41.936099,66a659e4-ee0a-4966-91cc-5a043a6580f3,"grocery ",General,Resolved,f1a73458-d842-4301-bf5e-43ce7e1da140,0be2ea45-b9be-4fec-bf38-4fbe5de5112c,,,
ce96edbd-93da-43a0-95bc-03dbfb01f62b,2025-07-24 18:42:18.556096+00,2025-07-24 18:42:18.556096,fc369258-14b3-49c0-9506-733a7bc16e23,Move in back to my old res,Accommodation,Resolved,70cff3e7-cd5c-4dc7-9fb1-fd968e90d106,df47eb64-dc84-4ec1-a8ec-5798af7e64bf,,,
ceb82f65-6ea2-437b-af81-21f914c14ab7,2025-06-07 08:51:48.343446+00,2025-06-07 08:51:48.343446,25260b55-8f5f-41d7-9cd8-3df5160621f4,Clarification on Bursary Payout for Tuks Res  Accommodation,Financial,Resolved,e1c04d76-794d-4e27-a739-fdbd4cfcd70e,df47eb64-dc84-4ec1-a8ec-5798af7e64bf,,,
cfda1d78-fbb3-49ed-a3fb-9ecc18d1f874,2025-06-02 15:19:38.638609+00,2025-06-02 15:19:38.638609,71091acc-f3da-4843-bc4b-5f1d6ace9f15,survey query,General,Resolved,1e2c346b-9ed7-4125-8cd3-6ef888a7b2b5,df47eb64-dc84-4ec1-a8ec-5798af7e64bf,,,
d0e3235c-b729-4d6a-b098-d69bb2995f01,2025-07-29 11:57:50.026199+00,2025-07-29 11:57:50.026199,30e5835a-a1a3-404f-8b00-4828691cd2b8,"laptop ",Learning Resources,Resolved,8fbecf9f-9ae5-45b0-b492-f0117dc4259a,df47eb64-dc84-4ec1-a8ec-5798af7e64bf,,,
d6e62d7f-8d18-4489-b184-8645ecc6a3d5,2025-05-23 15:36:37.053097+00,2025-05-23 15:36:37.053097,f02252f9-ca84-4d7b-9f38-af7a04b0a0b0,"University residence ",Accommodation,Resolved,1d97a51b-592f-4cc6-a687-7183684d3511,ff0b9749-0755-471c-b75a-e9b7da88c49f,,,
d8e5f14c-8f84-414c-97ca-bfb365074eeb,2025-07-24 17:43:56.122915+00,2025-07-24 17:43:56.122915,7ab05933-9292-49a5-a8e4-74ddbce75789,Laptop,Learning Resources,Resolved,891018d9-d7af-4fff-9766-8c3326973304,df47eb64-dc84-4ec1-a8ec-5798af7e64bf,,,
db1c8291-5797-4dd5-9498-820b947ed357,2025-05-28 21:50:15.55524+00,2025-05-28 21:50:15.55524,26fd3f71-80b0-4256-8cb8-ccdd84a18569,"Help Academically ",Academic,Resolved,f2bbeed9-305b-499a-ab2a-9a27e665d766,0be2ea45-b9be-4fec-bf38-4fbe5de5112c,,,
dc67f746-d0a3-4803-b415-815aaef00d2c,2025-05-30 09:06:32.085123+00,2025-05-30 09:06:32.085123,825bcfb5-574c-4782-bfb1-8f0b7faeec25,"step in ",General,Resolved,ba647a07-727a-47d3-a3b7-708229848593,df47eb64-dc84-4ec1-a8ec-5798af7e64bf,,,
dc88691c-6b04-47c7-9888-405c83958f3b,2025-08-11 18:29:50.679314+00,2025-08-11 18:29:50.679314,89d3cb78-cdc5-4deb-9599-003a1fd21886,"Laptop support ",Learning Resources,Resolved,b0114c78-daba-41e2-9fe8-95d09f253b56,df47eb64-dc84-4ec1-a8ec-5798af7e64bf,,,
de3755eb-eae4-4397-a520-442869989722,2025-05-21 09:08:42.185744+00,2025-05-21 09:08:42.185744,e7f79f18-c9df-4d69-bc2f-792b81e69563,Tutoring,Academic,Resolved,e80e3aad-ff96-4822-8a0f-2c0e1674b53f,ff0b9749-0755-471c-b75a-e9b7da88c49f,,,
de8cce29-2eb3-4dab-9371-0267425e5fc1,2025-06-09 14:06:23.493335+00,2025-06-09 14:06:23.493335,39af1087-a3ed-4d49-bf9f-033b5149b83c,Allowance payout and supporting documents,Financial,Resolved,24f9c7b7-4860-4b4d-a3f3-82fb2e4cbc7e,df47eb64-dc84-4ec1-a8ec-5798af7e64bf,,,
dff304cc-3dfb-469d-a8bf-155434750e76,2025-08-11 09:34:09.500782+00,2025-08-11 09:34:09.500782,fc369258-14b3-49c0-9506-733a7bc16e23,Laptop,Learning Resources,In Progress,ea695344-c680-4544-85d1-d8367619d559,df47eb64-dc84-4ec1-a8ec-5798af7e64bf,,,
e08a7a44-389e-4c0b-83d8-223d183619ac,2025-08-12 05:20:46.893479+00,2025-08-12 05:20:46.893479,fc369258-14b3-49c0-9506-733a7bc16e23,Financial assistance,General,Resolved,20c625ef-c55b-4346-831f-0570b2941a7b,df47eb64-dc84-4ec1-a8ec-5798af7e64bf,,,
e0eb1560-1f29-409c-942c-530f562dcde0,2025-05-23 15:53:07.759741+00,2025-05-23 15:53:07.759741,5ac75ad5-ecac-47f1-bf9b-52bd9f1f420c,SKE 110,Academic,Resolved,02304872-d527-46d1-92b5-fed610df56d9,0be2ea45-b9be-4fec-bf38-4fbe5de5112c,,,
e30c3563-d48d-47e7-85c2-6a48779bba6f,2025-08-16 13:30:49.070475+00,2025-08-16 13:30:49.070475,847d22a1-1a73-4021-900e-92dabe99432b,Tutoring support for RRP 100,Academic,In Progress,acc2fa15-93ba-4c3d-a939-baaaddb82acc,0be2ea45-b9be-4fec-bf38-4fbe5de5112c,,,
e33612db-9f10-429b-af56-c7f70f7a97f8,2025-07-01 20:49:55.431931+00,2025-07-01 20:49:55.431931,847d22a1-1a73-4021-900e-92dabe99432b,"Nutritious food unavailability ",Financial,Resolved,c4d90192-5073-45e9-8d63-12eabbdf1a25,0be2ea45-b9be-4fec-bf38-4fbe5de5112c,,,
e384284a-591d-4e74-b61c-f376386310d2,2025-08-06 11:52:04.083652+00,2025-08-06 11:52:04.083652,825bcfb5-574c-4782-bfb1-8f0b7faeec25,"Query about August allowance ",Financial,Resolved,9967b7d9-f56a-4075-adb6-154933bd8029,df47eb64-dc84-4ec1-a8ec-5798af7e64bf,,,
e6885c91-d131-48ca-b257-74214ff08acc,2025-07-15 17:10:51.673035+00,2025-07-15 17:10:51.673035,04a233ea-c613-442b-b078-d2c8979cecfc,"appeal rejected ",Academic,Resolved,7e990996-10a2-4e45-9376-ee81776ff52e,0be2ea45-b9be-4fec-bf38-4fbe5de5112c,,,
ebaec4e7-a304-4b6a-8d8b-9d52938158d4,2025-06-11 16:53:58.671382+00,2025-06-11 16:53:58.671382,1420923d-3e27-4ffb-94eb-ba4aef3067e0,CONCERN,Financial,Resolved,1f53bea1-6906-4723-ba6f-e4c922dbb254,df47eb64-dc84-4ec1-a8ec-5798af7e64bf,,,
ed476dc5-66cc-4790-8fa4-a1c22db8a29e,2025-06-06 07:29:44.192989+00,2025-06-06 07:29:44.192989,1420923d-3e27-4ffb-94eb-ba4aef3067e0,PAY OUT,Financial,Resolved,f4a024b5-c3ae-485c-9315-2b010df523a0,df47eb64-dc84-4ec1-a8ec-5798af7e64bf,,,
efe5199c-195a-4c07-a090-6646ac7b122d,2025-08-17 21:12:51.640464+00,2025-08-17 21:12:51.640464,825bcfb5-574c-4782-bfb1-8f0b7faeec25,Laptop support,Learning Resources,In Progress,cd399919-435d-46e5-8f41-b59ccbd9169a,df47eb64-dc84-4ec1-a8ec-5798af7e64bf,,,
f12d5040-0b79-425e-81b2-718104cbb66f,2025-06-09 09:52:42.353528+00,2025-06-09 09:52:42.353528,04a233ea-c613-442b-b078-d2c8979cecfc,"Therapy ",General,Resolved,735b100e-301f-436f-8bbe-64b1b8aac529,0be2ea45-b9be-4fec-bf38-4fbe5de5112c,,,
f195789f-4ea2-48c8-829c-108dc9b6596c,2025-07-23 09:18:55.664549+00,2025-07-23 09:18:55.664549,04a233ea-c613-442b-b078-d2c8979cecfc,Semester 2 modules,Academic,Resolved,87b09592-8caa-48b0-9e4a-4ba64f99887b,0be2ea45-b9be-4fec-bf38-4fbe5de5112c,,,
f2e1f8f8-8e90-4e71-978e-b4e2af9203a5,2025-08-27 01:23:22.526108+00,2025-08-27 01:23:22.526108,f6e7916c-72fa-4ebc-8567-062a632a65ef,"Bursary payout ",Accommodation,Resolved,8ae27059-3b25-42de-8499-7a8b7c07749e,df47eb64-dc84-4ec1-a8ec-5798af7e64bf,,,
f474f7c4-13f9-4ed7-93ca-d95bb1ed6e5e,2025-06-07 00:08:00.472448+00,2025-06-07 00:08:00.472448,1420923d-3e27-4ffb-94eb-ba4aef3067e0,"TUITION ",Financial,Resolved,4de01014-9499-40c1-b8b1-4365bd542108,df47eb64-dc84-4ec1-a8ec-5798af7e64bf,,,
f4e602e6-55e1-4d00-b4d8-472b16566992,2025-08-13 17:32:21.453263+00,2025-08-13 17:32:21.453263,538af738-c9d7-4ebd-8ecd-b0f32e53a7ee,Tutoring,Academic,In Progress,5564ee4c-6fcd-429a-a441-233af4720698,0be2ea45-b9be-4fec-bf38-4fbe5de5112c,,,
f8bb2c09-1f29-4eae-b70f-90d41d4dce64,2025-06-28 23:09:15.019048+00,2025-06-28 23:09:15.019048,66a659e4-ee0a-4966-91cc-5a043a6580f3,"book allowance ",Financial,Pending Resolve,b06cc9ed-e61b-4a5e-a1f4-7f23988ff774,0be2ea45-b9be-4fec-bf38-4fbe5de5112c,,,
fdf834fd-1602-4927-a293-85738d75058f,2025-07-30 16:11:51.92358+00,2025-07-30 16:11:51.92358,2a5d0240-3e7f-48cc-aed1-536ba4f9a524,"Response to the sent Message ",General,In Progress,f532ddfa-af3c-48fc-ac3c-2307c13a284a,0be2ea45-b9be-4fec-bf38-4fbe5de5112c,,,
fe2caf1c-4d6c-4263-9497-9927df6d7a21,2025-06-14 16:31:29.442466+00,2025-06-14 16:31:29.442466,1b11a8aa-9433-4bbd-9ffd-6eb741cb6a21,how long does the payout process take,Financial,Resolved,f2d218fb-46ed-4413-af44-0c48d2e0dfd7,df47eb64-dc84-4ec1-a8ec-5798af7e64bf,,,
ff2a93ff-9caf-40f8-82a8-1515a359d6e5,2025-06-11 06:50:15.192145+00,2025-06-11 06:50:15.192145,87388c91-8a04-44ee-a930-5e389a3285a5,"Busary ",Financial,Resolved,d2ee0909-2260-4217-ba14-efac89f1e166,df47eb64-dc84-4ec1-a8ec-5798af7e64bf,,,
ff802cd9-8e96-404d-89d7-9f088d3523c4,2025-06-07 11:06:45.361548+00,2025-06-07 11:06:45.361548,87388c91-8a04-44ee-a930-5e389a3285a5,"bursary application ",Accommodation,Resolved,42f6a219-4d2c-4bbd-bf3c-2de80982cc7a,df47eb64-dc84-4ec1-a8ec-5798af7e64bf,,,
ffb2d098-dfa4-45e8-88c5-7bad2caef10a,2025-06-13 11:36:44.703347+00,2025-06-13 11:36:44.703347,d2e0628f-6779-44ff-81a3-ba367c277c7b,"Allowance ",Financial,Resolved,816766dd-89bd-425e-aecd-d66d7fab82ed,df47eb64-dc84-4ec1-a8ec-5798af7e64bf,,,
ffdf61af-8159-4c9e-90fc-9cad6d77e397,2025-06-01 14:07:25.864365+00,2025-06-01 14:07:25.864365,04a233ea-c613-442b-b078-d2c8979cecfc,"Exclusion ",Academic,Resolved,85147f47-f883-408c-8fdb-483a7f8638fa,0be2ea45-b9be-4fec-bf38-4fbe5de5112c,,,